accuracy,precision,recall,f-score
0.225663716814,0.282810194497,0.225663716814,0.21627994782
