accuracy,precision,recall,f-score
0.911504424779,0.916801439487,0.911504424779,0.913653178938
