accuracy,precision,recall,f-score
0.0685840707965,0.259351629998,0.0685840707965,0.0902444723015
