MSE,MAE
54.6974288954,6.82358691868
