accuracy,precision,recall,f-score
0.255530973451,0.17788616251,0.255530973451,0.118233338181
