accuracy,precision,recall,f-score
0.25,0.0726640184758,0.25,0.109250955516
