accuracy,precision,recall,f-score
0.91703539823,0.91350801624,0.91703539823,0.914503524412
