accuracy,precision,recall,f-score
0.388274336283,0.309362768583,0.388274336283,0.229815631388
