accuracy,precision,recall,f-score
0.9276018099547512,0.9314511011166622,0.9276018099547512,0.9272014810348937
