accuracy,precision,recall,f-score
0.915158371040724,0.919935036457821,0.915158371040724,0.9143438178912641
