accuracy,precision,recall,f-score
0.919683257918552,0.9200547864558227,0.919683257918552,0.9178509739423542
