accuracy,precision,recall,f-score
0.9230769230769231,0.9251267621124803,0.9230769230769231,0.9225983637086733
