accuracy,precision,recall,f-score
0.9128959276018099,0.9166638599805713,0.9128959276018099,0.9125260862778476
