accuracy,precision,recall,f-score
0.8778280542986425,0.8699677417116769,0.8778280542986425,0.871921986480317
