accuracy,precision,recall,f-score
0.915158371040724,0.9178465197914508,0.915158371040724,0.9142140344234461
