accuracy,precision,recall,f-score
0.9083710407239819,0.8998952464071551,0.9083710407239819,0.9007944296013324
